real_x,real_y,gen_x,gen_y
-3.374843,-0.81219745,-0.98955464,17.871937
-0.18068272,-18.121428,-6.129694,15.08635
16.865294,9.899146,6.387375,-1.1944776
-0.113873206,-18.111448,-2.274792,-10.039479
12.664629,3.4539452,-19.884905,4.1306934
5.5963945,-3.1529508,-10.815965,9.943601
3.6690772,-4.167258,-14.206983,-3.1960826
-3.5185807,6.4607677,10.911665,0.18767112
-7.69825,4.0711045,11.827465,-14.94054
-3.6482775,-2.7308512,-5.6513467,14.994462
-15.262589,-11.373072,-2.8388221,-9.829242
4.647654,7.9318647,11.820388,-14.943991
18.861708,-5.2264915,-17.341244,9.668595
-1.0515883,18.313372,-13.330098,-1.8950477
-3.5268753,6.4376273,-9.572343,-2.2767904
3.2319212,11.496194,13.065974,-0.77473706
8.235178,-7.150246,-11.5378895,-14.438736
7.3207946,-15.7837715,-0.20109892,-18.126028
14.409083,14.375976,-10.493847,-6.4200296
-3.537011,6.41475,-19.396805,4.106263
-4.056949,-20.26544,-2.0083776,10.701386
6.152022,0.91320026,-4.04465,-20.51253
-13.307546,-1.9644055,-17.866535,-7.969654
5.7157445,18.376204,-7.6599,4.0733166
-2.2089868,10.236314,-10.727932,15.999949
8.612161,-8.025726,-17.154692,8.947353
3.7096176,-19.512722,-5.340661,14.9453
-11.829748,3.562608,4.4334683,-11.069816
13.185588,3.3976796,-10.185841,9.284025
6.297809,-1.78416,-7.6253433,4.0758076
-1.0778167,18.566137,19.87066,0.79897684
-0.43167922,-11.848407,-4.049177,-20.44481
17.147738,9.260196,-10.957251,15.665098
2.7447772,-4.2189174,-0.968877,17.753172
-5.417346,14.957735,1.8527695,-3.874618
-9.364915,8.355635,-10.826965,15.85375
18.864744,-5.255894,-10.335674,-6.2305517
19.647202,0.9932687,-2.284759,10.050184
-11.148513,-14.216958,-4.7852345,14.870519
5.7316747,18.421886,-18.896303,4.1465755
14.349249,5.67926,-17.242662,9.280528
16.875772,9.87414,19.745766,0.9121144
13.159811,-5.532558,-11.816952,3.569581
1.7280769,4.5801454,-3.4111636,-0.939208
4.5118365,2.415576,-3.4919906,-1.1154225
-1.5866971,-10.229644,-9.614883,-1.6476766
-3.4484534,-1.057988,-5.093714,-14.887755
-3.6430378,-2.7193894,0.9391226,-2.4374971
-4.052714,-20.350239,-10.763751,9.912285
-9.461281,8.450668,16.778795,10.140264
-1.083841,18.60581,-5.1551504,-15.148713
4.5013175,16.284288,14.041054,14.265071
-3.4348445,-1.0200918,-3.5029473,-1.1291804
-16.093971,-0.24252695,11.368147,-0.014422029
-0.8621466,0.0025448925,-10.525558,16.289867
-18.025112,-7.7552333,-10.894161,15.753106
13.790242,14.185635,-17.923277,-7.89339
-0.43181983,-11.848295,-13.403041,-2.0363042
-4.6876593,3.2605324,6.4022503,-0.60454947
14.469168,14.393288,-3.634307,-2.7185843
1.890625,-3.9122934,-9.566934,8.594573
4.509652,2.417339,14.080786,-11.227164
-7.673552,4.072598,18.908705,-5.1190176
18.868452,-5.253081,11.577746,0.4523796
5.716402,18.35592,9.299897,12.428191
-7.68787,4.0717754,-0.90477353,17.37494
19.441597,1.1365483,-13.409975,-2.0620012
3.428048,-10.318609,-17.178019,9.039763
4.149888,7.2948565,-13.502235,-2.1778681
-0.9082279,17.407042,12.97042,-5.450468
-19.504583,4.1052804,16.835999,9.986735
14.351174,5.6109047,7.5166006,-15.160794
0.94836825,-2.4541209,-13.756973,-2.5420623
11.751471,-0.24567357,5.830799,18.315994
-5.7268963,15.008599,9.207928,12.986616
14.344346,5.7328925,4.3309956,10.904758
-5.012722,-14.797563,4.313933,10.940953
-19.669615,-0.19358505,-10.310679,16.57594
19.655542,0.98696524,-0.20050712,-18.125957
11.84344,-14.9331045,7.443714,-15.379607
1.8669069,4.17187,19.679586,0.966923
-5.5714903,-5.343188,14.327331,-11.053672
1.9063655,-3.9300463,1.8495687,-3.8702364
-0.86161107,17.1441,4.4922404,-11.111424
-7.717061,4.0707097,3.3270876,-10.246699
13.4094715,-5.5692325,-17.243101,9.27974
-2.2357712,10.170999,-2.1268559,-10.087565
-3.5296628,6.4308267,4.976818,15.710094
18.863983,-5.338083,-0.9363172,17.532362
-10.402077,16.456633,13.614916,-5.1614184
6.0155463,-2.497731,-1.1133121,18.967743
-16.471233,0.03584772,-10.979908,-14.120139
-11.013106,-14.138639,-3.6509197,-2.7460392
-4.998593,-14.740029,-13.346032,-1.8724016
-13.4973955,-2.2675145,-10.78767,-6.738658
-11.964227,3.3949506,4.2990675,18.230202
-12.012738,3.337202,-0.7948654,16.857868
2.7422128,6.4131994,16.772354,10.142924
-13.219975,-1.8088386,11.826969,-14.939737
13.956717,-11.303727,18.85677,-5.3976026
-2.0297997,-10.109775,-16.38382,-0.02718343
0.96078044,-2.4898348,13.251042,-5.5413747
3.501074,11.411913,-8.584657,-8.557805
-3.5225377,6.4492936,0.0021728752,-0.60947573
-12.029373,3.315327,-17.339987,9.664676
-5.1231875,-15.084483,-2.1656277,10.337354
-3.39586,-0.8962224,-5.12046,-15.070504
0.081351064,-0.601678,-11.970467,3.3889873
-12.013204,3.3365767,-5.109447,-15.06382
13.810994,14.192506,11.308056,-0.04198748
-19.591337,4.1043344,-17.77827,-8.087126
-9.323422,8.306874,-13.419077,-2.0642467
4.4043202,10.806109,16.909334,9.815581
5.8483114,1.4511762,-13.401135,-1.9669844
13.901204,8.062013,12.693659,-0.61461145
2.922369,11.565392,2.8541722,11.580778
-0.20104595,-18.12636,-2.269877,-10.041911
4.5196996,2.4110382,16.880695,9.87594
16.958883,9.691221,3.6182253,-4.167158
11.848958,-0.278337,-4.7063584,14.854483
-0.43587482,-11.843714,4.921699,9.314427
13.207231,3.3919525,-10.886938,-14.070599
14.1173315,-11.189662,-2.1997907,10.25503
-14.399787,-3.5249426,-3.5322948,6.423956
-10.947478,-14.101454,-11.933504,3.4349542
-4.061822,-20.19294,18.853321,-5.0085526
-10.461107,16.37819,18.860106,-5.462546
4.791334,8.22386,-10.900494,15.744774
8.369808,-7.4564576,-0.20156886,-18.12679
-17.138931,8.875103,2.6606019,-9.732849
-1.9568377,10.8207035,13.937581,8.069358
-11.956761,3.4030674,5.13689,15.865686
3.6572802,-19.48135,-4.049631,-20.431637
8.352406,-7.4177237,-7.8701763,4.0648875
19.590908,1.0411661,-10.725252,16.005423
-15.263611,-11.372548,-0.22070934,-18.13151
-15.267624,-11.370015,-0.43085715,-11.849436
-0.85419315,-0.00072769634,-2.1129522,-10.090952
16.834644,9.970548,-2.2713513,10.084236
-3.4533188,-1.0591285,5.1122227,16.085896
13.654059,14.144632,19.128914,1.3819966
-2.241626,10.157472,-3.9336054,-4.531464
4.919523,9.394163,9.36478,12.307577
8.706821,-8.245136,-17.012774,8.404468
0.56616676,-1.5817833,9.362848,12.418204
-2.2510033,10.134751,6.271012,-1.8431609
4.8997416,8.51225,8.485166,-7.7231026
-5.1353326,-15.14667,-16.89728,7.9633646
19.954844,0.7465507,5.227852,17.022074
6.1480765,0.92462975,4.412696,-11.055923
-4.1506867,-4.349999,19.269032,-5.4499583
3.9957645,-19.691635,11.58868,-0.15340593
11.841064,-14.933413,5.2419677,17.041372
-19.677382,-0.18901367,-6.7366595,-6.7174516
-3.6501691,-2.7335663,-0.8463677,17.013756
4.490181,10.66362,2.6359732,6.3172812
14.343947,5.7403812,1.7658856,4.44453
9.394072,12.286745,6.385104,-1.214887
1.5037394,5.258651,6.16345,0.91228336
-0.18000834,-18.121183,-17.319895,9.585228
-5.635136,14.993069,13.813793,-11.411449
-2.4678907,-9.977903,-2.1372797,-0.13525991
2.9907317,-9.981834,13.910378,14.226682
6.145588,0.9384433,-0.430396,-11.850037
-10.963819,-14.109856,-4.052816,-20.381372
18.868816,-5.213761,-12.127247,3.207495
13.381422,-5.558466,-6.19673,15.0966215
-10.99855,-14.1302805,-2.3358088,9.941139
-0.15788744,-18.117575,7.2994924,-15.806659
-4.06899,-20.105074,-3.5336895,6.42054
-2.2812994,10.06234,-13.223734,-1.745033
-19.657303,-0.20448907,-11.961117,3.4005244
13.921706,8.04716,-2.9326906,-9.78855
-9.501653,8.471178,-15.2603855,-11.375534
1.9786619,5.637314,-2.3571217,9.878513
9.418988,12.19352,-10.975555,-6.966003
5.470553,1.8940023,5.5437694,-3.198831
4.194585,2.5545871,-19.831142,4.1197658
13.920605,8.048421,14.145596,-11.180491
-3.8175967,-4.5944386,-11.003967,-14.138312
-5.0229206,-14.8142,13.254045,3.4079313
4.148426,7.293506,16.802984,10.063782
0.9466657,-2.449565,4.5762663,2.3812985
-17.969496,-7.8308606,4.4859366,2.4355497
18.868404,-5.2942877,-4.746484,3.2516968
3.9002492,7.0801573,-14.337517,-3.412214
19.611345,1.0257388,4.1054726,-19.761091
5.7748513,18.49732,5.785632,18.470814
13.757893,-11.424644,3.5070832,-10.376823
3.9727404,-19.677893,-10.711937,-6.6238174
-4.05944,-20.203157,-8.576995,-8.551689
1.8937771,-3.9175918,-15.238409,-11.396351
-11.00242,15.586506,-2.0084538,10.699374
-19.718618,-0.15407692,-0.9811001,17.77223
8.613128,-8.027905,-10.287977,16.603273
-16.48218,0.04639198,3.557466,-19.418184
5.5966396,-3.1515172,7.337817,-15.726306
-10.752176,-6.711643,-4.6406403,3.2544684
-3.5262306,6.440768,-4.0472784,-20.472778
-0.18231368,-18.121819,-9.572461,-2.4890645
-4.0252438,-20.86389,13.741272,-11.470515
13.2613125,3.3794098,-4.036568,-20.706238
-5.771356,15.015557,-4.018687,-20.955812
-17.142134,8.889855,-4.051374,-20.448963
3.8885598,7.0728936,-4.0334754,-20.736628
14.08122,-11.214324,-14.0306015,-2.9076962
4.405817,10.807404,-13.32101,-1.915585
-17.199984,9.109404,-9.617224,-1.5595543
14.344076,5.735611,6.150616,0.9300728
-8.095638,-8.199801,-16.906708,7.9878683
-17.997862,-7.792228,-10.1875725,9.290905
-13.453695,-2.174254,-11.34997,9.9455385
-10.771864,-14.004799,1.9393541,5.5570498
16.86291,9.904165,7.1240473,-16.24769
6.2955966,-1.7884147,-7.709297,4.0707827
13.333376,-5.5577736,5.560884,-3.184351
13.230493,3.3907356,11.186444,0.16211627
-8.437034,-8.480084,-14.263056,-3.301059
11.836345,-14.936072,13.954443,8.098293
-19.204613,-0.54538506,-17.103228,8.784846
4.8557796,16.582376,7.388514,-15.555229
13.922434,8.053694,-4.0395427,-20.682316
-18.037134,-7.738718,-11.301324,-14.306927
-16.870678,7.8027606,-19.722599,4.114981
14.350077,5.657989,7.337121,-15.696214
13.760354,14.176631,-5.3672757,-15.854293
6.0127273,-2.5074716,-8.204285,-8.277496
5.033318,-3.6177423,4.979313,-3.649882
-4.1375546,-4.351516,14.348121,-11.031562
16.907951,9.8069725,-10.887591,-14.07059
2.172175,3.743856,-16.547773,0.0724245
-9.646332,8.641922,2.753741,11.599137
3.6456344,-19.471567,-7.943719,-8.051243
-4.0505896,-20.389948,-9.953941,9.027065
-15.263127,-11.372836,-8.641476,-8.633611
-11.978943,3.3775477,4.9766035,2.166632
5.6519814,18.165775,5.226489,16.917044
-15.259976,-11.375597,5.395265,16.98456
-5.3728037,14.95107,3.653003,-19.48298
-19.855349,4.1122756,-11.050243,-14.159167
-3.5352526,6.417948,5.245177,16.874517
-11.15177,-14.219179,-4.9847198,14.893068
12.383828,-0.4994783,-11.250481,9.674642
-17.925802,-7.889769,4.404756,10.818561
-10.844849,15.827056,5.0954847,16.650501
-17.097805,8.719251,-13.412316,-2.0227146
9.409479,12.225894,16.916698,9.801635
-0.8760909,17.21291,16.850737,9.951935
14.596932,14.429608,1.3022829,-3.1910136
-19.25958,-0.5018898,-15.2593155,-11.37692
9.198437,13.085941,-16.230442,-0.1439552
5.61642,-3.137306,4.3377485,18.226732
-1.0703623,18.497635,-2.4367216,9.681161
-0.18961793,-18.123606,-2.1923416,10.273498
-19.746143,4.1072397,5.841321,18.594606
-4.9758134,-14.706259,-11.864571,3.5129468
-17.908445,-7.913093,-5.810254,15.018255
1.9136242,-3.9381962,4.266794,-4.033856
-17.102108,8.73611,12.964499,-0.7318324
-4.6529875,3.2579246,-4.713416,3.256837
2.9081762,3.0961955,8.718737,-8.262121
-19.59446,4.1041255,8.394694,-7.5064087
7.361779,-15.650386,-19.69604,-0.1653406
-3.6335273,-2.6947155,4.9210124,9.357301
-3.5313501,6.4270597,5.740699,18.373957
13.656604,14.144478,-4.0447826,-20.54441
-5.9681983,15.05163,-10.300653,9.445139
-5.0568066,-14.9113,-5.600769,-5.361427
-6.6536098,-6.6227555,-8.246358,-8.29992
-1.8831837,-10.151396,3.5845082,-19.47768
16.895,9.836853,17.150911,9.254061
9.439666,12.118122,-5.7980604,15.0170965
6.032775,-2.4738746,-5.39342,14.936729
-19.687963,-0.18000579,14.306234,-11.068906
11.895495,-14.903754,16.911901,9.81242
-10.865618,15.796205,19.971844,0.7258671
-19.688784,-0.17866409,-3.632227,-2.713106
7.4992204,-15.253859,4.51314,10.620027
1.868095,4.1637564,-4.885664,14.880429
-10.812817,-14.028515,-9.814381,8.827036
13.264241,3.3718295,-8.169017,-8.2523575
14.510051,-10.912073,-4.673347,3.2572043
-8.125263,-8.232336,-8.052778,4.0520453
-1.7403886,-10.20266,-13.358086,-1.9746768
-1.0120163,18.027918,-0.20437753,-18.127766
-6.6582723,-6.636613,13.292017,3.4080477
-3.394573,-0.88843435,12.229334,-0.42358947
-10.442333,16.403572,-19.947744,4.140517
-4.178148,-4.3253098,-8.307067,-8.348382
5.06473,-3.5990853,11.982516,0.3010892
14.343879,5.740018,-9.521242,8.539367
13.2772045,3.3668027,-7.706243,4.07092
-11.944465,3.418531,-0.18901417,-18.123169
-13.867406,-2.7784686,-19.58576,-0.2631749
1.3513663,-3.2712963,4.2101946,11.020712
4.187926,7.302934,11.605014,-0.07907343
2.6486368,-4.128682,-10.78324,15.918929
18.863453,-5.263898,-17.859001,-7.979862
-3.5230272,6.4471803,13.27494,14.036408
13.523522,-5.5748115,-0.004604995,-0.61452144
-13.679919,-2.514291,5.4784346,1.863752
13.922819,8.051401,13.674185,-5.4896283
-6.6566095,-6.6332583,-5.3355355,-15.734722
0.57551706,-1.6023021,-9.692067,8.753693
-4.6943426,3.260055,4.3197837,10.914039
16.866083,9.897124,-10.762214,15.950439
-0.42928934,-11.851068,-10.873141,10.012607
16.792112,10.076122,-4.254425,-4.304402
13.200716,-5.5406604,1.7380474,5.1254907
-4.8337026,14.877658,-1.0418046,18.236998
-0.431156,-11.849025,19.750011,0.9108267
-10.467513,9.519703,-17.290277,9.472802
11.969243,-0.33193856,-8.238875,-8.305715
-10.863398,15.799781,19.135603,1.3772504
19.511808,1.0873504,-16.995445,8.342886
-10.710421,16.02562,-9.6144085,-1.64789
-19.691334,-0.17724831,8.769507,-8.379
-11.077566,-14.173958,3.6039066,-19.452671
-1.0861707,18.635096,-11.666996,3.703404
-3.5304413,6.430184,-1.0488807,18.26701
2.7247615,6.397379,-19.79795,4.11879
0.0019036736,-0.6215789,-11.077986,-14.178277
5.853664,1.5462929,-11.93699,3.4278526
14.431313,14.382064,-7.663959,4.0731535
-19.704735,-0.164175,5.616567,-3.1486244
11.781479,-0.23614238,-4.0541105,-20.352459
-10.797825,-14.019398,-1.01995,18.083603
-2.2039266,10.248125,-6.669292,-6.6466403
-17.165365,8.977751,0.40072972,-12.952323
13.923171,8.049956,7.2821364,-15.8363285
-16.335632,-0.054653164,5.5854783,-3.1606233
-0.8560166,0.007092851,19.658981,0.98634857
-5.0730705,-14.954815,-13.941228,-2.7931392
-16.498991,0.056459293,-10.679066,16.072071
-10.856434,-14.053305,18.854965,-5.532873
-11.957716,3.4029593,10.578305,0.38384733
3.1467896,-10.099369,-5.613131,14.98487
-19.79665,4.108648,10.777567,0.3174432
7.3642764,-15.656775,-19.16711,4.120873
5.6755576,18.16346,-15.254013,-11.381312
14.356998,14.360533,3.940113,11.200158
-3.4609292,-1.0859154,-3.9960935,-4.4607143
-3.5550675,-2.6243813,4.37328,7.5524993
13.126235,3.4060953,-17.18854,9.0659685
-5.091579,-15.00469,6.392621,-1.2033727
5.80034,18.602058,12.814582,-0.65995324
0.5718297,-1.5626638,-13.272912,-1.7895998
-14.31064,-3.384583,14.346354,5.754658
5.5883694,-3.1606631,-4.036859,-20.71436
9.247192,12.871355,-19.694855,4.1133614
-19.659254,-0.20040447,12.930511,-5.4979587
-11.893759,3.482168,13.204875,14.002906
16.863554,9.903905,4.3121934,-10.979657
13.483875,-5.568824,-14.3197155,-3.384074
19.381527,1.185555,1.8896191,-3.9185996
1.5304136,4.7144203,9.343711,12.390847
19.642962,0.9967719,17.00303,9.611294
7.5160837,-15.206189,6.386433,-1.2026603
2.5791283,3.3527212,11.836582,-14.936901
12.02408,-0.3560451,9.353425,12.321897
13.154214,3.4025717,-7.65725,4.073804
-10.998562,-14.129024,-9.499899,8.507346
-5.59801,14.986007,6.2744017,-1.8398287
-16.431059,0.014258567,-3.4625967,-1.0799128
-4.0541735,-20.306152,2.244266,5.951881
5.520535,1.9306086,-7.677429,4.0725136
0.5766101,-1.5997401,-1.6180538,-10.247021
3.9717226,-19.677773,0.39950213,-12.952404
3.4246943,-10.315157,11.397222,-0.0018929197
3.8928838,7.0749426,4.8969526,9.656049
-15.271712,-11.365589,-7.677401,4.072299
-7.7140346,4.0704613,-19.72426,4.113583
-19.152206,4.1137533,3.5445504,-10.404611
-6.6607265,-6.6395965,-10.677064,-6.6307454
16.877558,9.871044,-4.8580375,-14.3871
13.358235,-5.5515757,5.572802,-3.1722693
18.86502,-5.231588,4.40883,18.26671
18.86303,-5.356105,3.9304736,11.210845
4.920521,9.37373,7.409254,-15.497345
4.8529325,16.559246,-4.044708,-20.515936
11.664159,-0.1774052,2.7468011,-9.8102665
14.136007,-11.173965,-15.248797,-11.3858
-4.6993103,3.2586122,-10.554639,-6.468995
9.3873825,12.303058,7.488076,-15.062025
9.391301,12.272403,6.3107147,-1.8109272
-10.46554,16.372084,13.529192,14.105275
-3.7391894,-4.6640897,-15.248328,-11.385773
-9.572839,-2.001674,7.3485584,-15.680663
-10.314134,9.332416,12.033621,-0.34790954
-16.476076,0.042019412,-10.457863,-6.366079
-5.5657587,-5.326106,-3.4535177,-1.0449829
4.9117846,8.79345,-7.5733314,4.0830545
4.819854,16.649963,-4.17096,-4.395051
13.919157,8.050608,3.591889,-19.442001
-4.7026205,3.2599695,-7.7039404,4.0714674
4.2162213,11.009497,-0.98452735,17.773304
-5.567437,-5.336623,10.635714,0.3683911
-0.9002143,17.362915,-1.8678168,-10.165501
4.9196386,9.393511,-14.044665,-2.9474607
14.157377,-11.161909,-10.087049,9.112434
-5.049664,-14.889595,-2.0167525,10.681981
3.5424793,-19.401054,-17.161594,8.974735
-17.929556,-7.884847,-2.2739353,-10.042693
-17.197515,9.099599,-19.52443,4.111544
14.344776,5.7196903,-12.008068,3.34484
11.83993,-14.932935,-17.188904,9.068721
1.8758671,4.1607847,-9.683219,-1.3257371
4.156481,7.297617,8.311635,-7.317404
-9.627136,-1.5275278,0.3999274,-12.952177
13.213094,3.3912954,-2.2433136,-10.048493
1.3602676,-3.2866564,-19.632637,-0.22121045
9.160085,13.260188,-0.19105072,-18.123848
0.9546807,-2.4823394,2.9758584,3.0386376
-9.558233,-2.3476706,13.948229,-11.334795
-3.4571888,-1.067392,4.2031975,11.041015
20.076982,0.6275663,-17.340399,9.676378
18.864971,-5.358007,-6.7340903,-6.715798
-9.627341,-1.5178473,19.334415,1.3061525
-10.934326,15.688792,-9.630702,-1.5341061
-19.577198,-0.26822105,19.703539,0.95118356
2.9101865,3.0851736,5.5624895,-3.1906564
-15.263654,-11.372393,13.105076,-0.7844906
-16.489124,0.04931105,-17.73158,-8.147408
4.273321,-10.951424,-18.036839,-7.7397313
13.922214,8.053133,-3.5327585,6.4230385
-3.528078,6.434528,-4.7078233,3.2589142
-1.7923402,-10.172914,4.106198,16.92951
2.9049714,3.0974827,-17.769217,-8.098999
-17.938929,-7.872246,5.543526,-3.204708
-15.262308,-11.373708,-10.536733,-6.4573
9.373786,12.351619,-4.916532,-14.559297
13.924538,8.049373,11.805894,-14.949233
-19.77984,4.1118035,6.309943,0.2949156
-0.43871194,-11.840061,5.866705,18.455141
7.298185,-15.838099,-4.033995,-19.878075
13.917297,-11.325098,11.833855,-14.9388895
3.4919446,-19.353348,3.4874358,-19.409029
4.338772,-4.0025644,-9.603144,-1.7272443
7.404686,-15.528701,-19.715725,-0.15002498
8.279271,-7.249937,18.832874,-6.0021048
-4.053386,-20.30931,3.7778857,-10.581675
-5.0775747,-14.956133,-13.159507,-1.5985607
5.854165,1.5468485,3.6418726,-10.476493
-2.1588597,10.35523,14.343743,5.775107
14.081072,14.275615,18.857056,-5.441484
3.4645052,-19.337431,7.2477927,-15.81514
-17.918905,-7.899023,-5.355078,-15.809802
-1.780426,-10.170947,13.9339285,8.104741
-3.594272,-2.6331687,-4.031118,-20.803322
-1.9704251,-10.129242,-2.1449807,-0.20103428
19.76716,0.8956177,-11.1652155,-14.23175
-16.477848,0.045710906,-9.599762,-1.7655805
3.549095,-19.400316,1.7377579,4.545346
-7.626983,4.0752487,-9.57417,8.60564
-8.072967,-8.185182,13.15595,-5.320388
9.403412,12.249313,-7.7196283,4.070851
-5.6650643,14.997471,3.0842767,-10.056197
-4.058032,-20.254751,-9.390684,8.403922
3.5990908,-19.439508,-14.269273,-3.2972488
14.34501,5.7505927,-16.462532,0.024119
-0.86944807,17.182322,3.7816286,-10.582461
-2.2512066,10.134771,-10.621823,16.155869
-13.132035,-1.6937485,-11.87209,3.5048833
-0.8584489,0.0038535073,-13.090417,-1.4965662
11.838865,-14.93495,-2.2295542,10.18473
-10.484982,-6.419825,9.329987,12.397581
4.619193,16.36443,-13.74483,-2.521196
-5.5650234,-5.3180575,5.876995,1.4294782
12.97915,-5.511763,5.1907315,16.70068
4.6954618,7.956838,3.7148564,-19.532068
-17.143698,8.893252,5.612557,-3.146668
16.863123,9.9041195,-10.918523,-6.8783913
-0.43011057,-11.850329,-0.90198755,17.355343
7.2717457,-15.918509,12.772482,3.4839196
1.9237137,-3.9537468,-0.8034398,16.818811
7.292205,-15.855169,3.896436,7.067542
9.397462,12.272058,4.3370857,10.8925705
-13.392005,-2.0926354,-0.82770836,16.796059
-4.6876497,3.2564847,-3.440036,-1.0447807
13.5118265,14.099811,3.8454547,7.043792
3.3454053,-10.251797,6.1695156,0.93460286
-5.3468432,-15.775859,-10.196937,-6.0499854
18.874537,-5.0986743,13.768631,-11.451999
-10.9580345,-14.107574,13.157858,-5.529499
6.429507,-0.2787184,4.2754292,2.5165544
8.610579,-8.021134,-5.032394,14.897268
13.921679,8.05238,-10.833939,15.847945
3.5212312,-19.381552,-18.253574,-7.4406953
2.9056678,3.0982292,-7.8583474,4.0642
19.595724,1.0393044,18.81774,-6.0700655
-4.0581474,-20.245436,-2.2728434,10.080118
4.3193574,-4.0040956,5.398901,17.199677
4.3208904,10.91074,-10.932087,-14.097655
13.923919,8.054687,-9.572407,-2.1533544
14.344743,5.7263713,-2.3935068,9.790533
-1.6119825,-10.205025,-19.543764,4.120395
-19.691328,-0.1773661,7.2894244,-15.843759
6.302841,-1.7781144,-11.820102,3.5668998
7.3578353,-15.667653,13.191672,3.412156
-10.854603,-14.04999,3.721482,-19.525074
14.454685,-10.957288,11.833012,-14.939588
-11.843189,3.539806,-15.259777,-11.375954
6.3349586,-1.751387,-2.2478125,10.142166
-10.737928,-6.6946797,5.137027,16.798492
-3.4446282,-1.0509983,-9.442716,8.471934
13.613434,-5.5997386,-11.846703,3.537165
-11.972951,3.3852077,3.9785526,16.723053
6.307027,0.30851212,-2.2435956,-10.048979
2.900137,3.1012688,16.805422,10.058153
2.7124987,11.605149,-2.1936703,10.270523
-2.4889956,-9.967919,-18.044455,-7.730314
2.703515,-4.165076,5.279233,16.840925
13.711699,14.1610985,13.748842,-5.6201053
14.574701,-10.863429,-10.982516,-14.121924
-10.927294,-14.089777,-19.808731,4.122319
-10.69026,9.649744,13.699085,14.165378
-19.67739,-0.18542992,-11.151057,9.554528
-11.761764,3.6329696,12.691005,-5.477905
8.792607,-8.440129,13.203087,3.4337535
11.126404,0.061488915,-5.6530676,14.995002
4.3223743,10.908682,13.145574,-5.5123224
-5.575245,-5.3301277,-0.43151045,-11.848668
-10.779234,15.9251175,-10.777676,-6.7255545
14.549791,14.418108,14.345442,5.7590175
-4.054645,-20.300713,11.819591,-14.944363
3.5548897,-19.408243,-10.284618,-6.1557374
5.736597,18.376928,-2.0962222,-10.098788
-17.15284,8.929628,-4.1285944,-4.391152
18.870787,-5.163234,4.498842,-11.117382
-7.6895432,4.0715537,-18.023764,-7.757218
3.7663598,-19.553278,-13.982065,-2.837465
6.4059615,-0.3811219,-7.5535803,4.0824714
-8.601711,-8.600038,4.584194,-11.17981
-5.2176523,-15.374068,-2.0209312,10.672183
1.8975695,-3.9188669,-4.1900234,-4.3492064
14.093258,-11.20906,8.670702,-8.15498
7.449306,-15.406843,14.375474,-11.019148
4.207801,7.302761,13.044021,-0.7594455
-3.8937538,-4.5456147,-4.2157764,-4.3605003
19.705078,0.9456865,-3.5829823,6.298559
-0.85690236,-0.0011592368,-5.831874,15.015548
18.865543,-4.9428763,3.5154812,11.405372
-3.51564,6.46877,12.812689,-0.6868932
13.69176,14.154153,-17.894064,-7.9328036
-7.737425,4.069227,-11.192232,-14.241939
-4.1760235,-4.3445525,5.116062,16.75968
8.730608,-8.301161,-4.0320234,-20.787666
-10.8973255,15.747492,3.6490552,-19.483438
-11.074897,-14.174537,-11.334528,9.805551
2.97679,-9.969928,5.55558,1.9240195
4.545654,-11.149899,1.9555233,5.578205
-7.564105,4.0811424,-1.9291062,10.883559
-10.52096,16.297213,8.72471,-8.290951
-10.159518,-6.058754,-8.609053,-8.582219
-0.86508095,0.00073834555,0.55438894,-1.5597879
-0.8875675,17.28536,-3.6348507,-2.7175524
-0.8573685,8.8004395e-05,-4.054746,-20.337282
3.6607304,-4.16519,-2.1738355,10.318421
-10.390204,9.397716,-3.6847594,-2.8151717
-15.263503,-11.372382,-0.84693277,17.064344
-13.745502,-2.5999055,8.90059,-8.692363
-0.18851198,-18.123198,-18.045465,-7.7276816
-19.684937,-0.18040484,18.86474,-5.029657
-10.276871,-6.1973705,-0.81492686,16.887453
17.209185,9.1064825,9.338124,12.411269
-10.736853,15.986711,-1.1012636,18.825558
4.8730335,8.4936905,-11.880506,3.4956274
10.417289,0.4332216,-17.86655,-7.9697566
-9.34036,8.325815,3.5771506,-10.4275675
2.0109901,-4.1689506,4.4262977,10.773106
-1.8199894,-10.159038,1.7644503,4.483897
12.621421,-5.473534,-19.547106,-0.29390666
-4.1851306,-4.3366785,8.7554865,-8.35089
6.3015733,-1.7780542,18.817547,-6.0736403
13.789517,14.185872,-11.010921,15.572074
14.520521,14.408355,8.7596035,-8.352793
-4.9712267,-14.667372,6.192433,0.78783727
5.7403235,18.40548,-1.8794283,-10.156367
-13.253029,-1.866842,8.355572,-7.42481
-0.42660663,-11.854227,-10.11278,9.122047
4.0594335,2.6035874,13.773957,14.193565
2.0215642,-4.1993656,3.9099972,7.056521
4.515049,2.4134831,11.830021,-14.938435
19.581118,1.0484025,13.581948,14.125076
1.9043493,-3.9272163,-9.517846,8.499031
-19.708672,-0.16019757,-1.0534246,18.341173
-17.971537,-7.8280916,13.80253,-11.414933
18.833359,-5.824995,9.39824,12.266307
-5.249172,-15.487816,13.735529,14.185053
1.9050473,-3.927575,4.3954573,16.645182
-5.6411433,14.993769,4.0913353,-10.819514
11.8413925,-14.933333,-3.5271432,6.4363656
6.3941936,-1.1576223,3.710758,-10.527974
-17.989468,-7.8034506,-11.297759,10.00726
4.869578,16.692375,-0.8531045,17.084488
9.180677,13.168966,-9.823676,8.925707
-2.1708698,10.327173,8.678261,-8.171208
19.619745,1.0185637,-5.353732,-15.652255
-11.971316,3.387255,-10.731582,15.995418
-4.0510025,-20.373013,14.277934,-11.083965
7.340595,-15.717428,-4.754118,3.252425
-17.964832,-7.837088,2.251617,5.9998198
8.277057,-7.2443843,8.566998,-7.9027567
13.218679,-5.539028,11.173221,-0.00040914863
3.8966532,7.0774584,8.750243,-8.339153
5.4880753,1.9001348,-5.307698,-15.348457
17.130365,9.314959,14.351532,5.6528726
2.8252957,11.587014,13.471051,3.3028522
-17.19577,9.09309,-15.257306,-11.3784
-11.564471,3.7405894,2.6676397,6.3502917
3.1078074,-10.065126,4.2701836,-4.0132604
1.974498,5.641713,14.565326,-10.879664
0.07961469,-0.605685,-11.7579775,3.6368456
-17.120579,8.807482,-5.56461,14.980383
4.881425,9.605921,-11.961234,3.4004934
13.256672,3.3823555,3.9088418,16.78214
-10.035833,9.01078,3.4357831,-10.324399
5.6489224,18.228485,3.5014758,11.413023
-19.693897,-0.17707486,-6.2255435,15.106896
-0.15330864,-18.116959,18.943222,-5.16335
-16.513418,0.062288046,-4.043535,-20.547338
13.5686,14.115814,18.865671,-5.259548
1.7146518,4.607786,13.912904,-11.35056
12.338122,-0.48597655,-5.0583386,-14.917797
2.7062845,-9.7705345,-10.668423,-13.954779
4.788865,8.219941,5.586364,17.912205
19.635485,1.00305,-0.8713358,0.0053569595
-16.459291,0.032648064,-17.09116,8.7167635
-19.672773,-0.18963133,-17.872757,-7.9615026
12.303292,-0.4706627,3.8763137,7.0615873
-18.001356,-7.787574,-19.304768,4.123252
3.6584811,-4.16569,-4.0549135,-20.34704
1.7681586,5.129866,-10.844217,15.827487
-8.544027,-8.555883,4.8301272,15.6748705
13.441808,-5.5685086,13.845508,-5.5215197
-3.5034828,6.4997787,1.7552302,4.5105767
-0.18619815,-18.122782,-0.9854319,17.840849
13.920374,8.050715,11.8252125,-14.9420395
2.7251432,6.398256,4.22832,2.5397124
-3.5319536,6.42592,19.77527,0.8894961
6.1474032,0.9968032,-10.638013,16.135239
-0.8632153,0.0012172251,-9.650402,-1.4235989
-5.113726,-15.084256,6.4047627,-0.63034445
-0.16989069,-18.119389,5.767445,18.496134
-9.616047,-1.5794498,-13.264697,-1.8416204
-9.319506,8.305761,9.344919,12.414164
-3.5275524,6.436632,-18.012167,-7.772988
-2.1315293,-0.16158083,0.39991942,-12.952204
-12.096375,3.2411819,5.5365067,17.545097
-6.6520767,-6.6239586,-19.824314,4.129181
2.7505867,11.598797,3.5519822,-19.416174
-18.058277,-7.7109866,-5.6018724,-5.3694305
19.8647,0.80275005,3.549359,-19.414675
-6.674301,-6.653689,3.4579723,-10.343831
11.887336,-14.908943,-5.344871,-15.766504
19.658682,0.98316944,6.4246035,-0.3846354
-18.815363,4.1169095,-2.3776605,-10.005927
-5.0777407,-14.970407,13.223299,14.02084
-4.0549583,-20.302437,7.279059,-15.81822
-0.8475857,0.0020888024,-15.255615,-11.379994
5.5240083,1.935256,-7.9712334,-8.105502
4.3630843,-4.031732,3.2304578,-10.169277
3.6020079,-19.438541,8.280962,-7.2456
-2.1352634,-0.14291272,-17.859535,-7.979082
-9.612453,-1.6038572,-11.112213,-14.1987095
-10.653734,-6.602977,4.3246694,10.925606
12.4046135,-0.51361436,-5.1752167,-15.277335
5.031042,16.787374,-1.100898,18.791058
12.021635,-0.34431267,-19.791246,4.118003
-0.888517,17.2851,5.0700607,16.650799
-11.962036,3.3973913,3.281956,-10.210347
-17.21024,9.149824,8.703292,-8.225706
-1.0701665,18.489794,13.065334,-5.46561
8.394009,-7.5119524,3.4913542,-19.368835
13.838676,14.200662,-17.169207,9.00291
3.311287,-10.230146,4.759989,8.162362
12.515973,3.4551644,4.122133,7.2706056
3.890587,-19.628044,13.932905,8.077676
-3.5313709,6.4282794,-5.5949144,-5.359849
-4.1594596,-4.3540263,3.661063,-19.48662
7.350637,-15.695746,11.832056,-14.938054
3.8788972,7.0657344,1.712398,5.159565
-0.42540687,-11.855651,-2.660063,-9.908964
-19.698832,4.1083508,-8.007973,-8.13749
13.179528,3.4024107,-0.93207467,17.494366
13.796156,-11.406929,-1.082903,18.53687
4.8178873,16.520285,-14.364332,-3.4570348
12.210251,-0.4329883,13.910373,-11.3422165
-8.063542,-8.169088,-2.618038,-9.926797
13.751353,14.17344,1.920784,5.5863466
-1.8225868,-10.172158,-12.243405,3.0824382
-8.028336,-8.15586,14.345606,5.746248
-10.249474,-6.1554694,13.111459,-5.524513
13.9220495,8.049288,-4.8449206,14.876714
4.3035545,-4.005897,-16.921152,8.050082
13.923939,8.05199,-10.932746,9.856811
0.94735396,-2.4501562,-2.129491,-0.20741296
-2.08934,-0.2014673,4.9296494,9.424039
0.004284742,-0.62650144,13.960361,14.241349
-10.628922,9.649793,0.9254754,-2.4081292
-5.062617,-14.913653,-3.5629842,6.345016
-4.790551,14.872506,14.346604,5.7737904
19.794699,0.8621252,-17.09714,8.746526
4.938297,2.2056103,13.500597,-5.4651065
-3.3798187,-0.8267699,-4.744368,3.2528853
-13.4798765,-2.21528,3.3971815,11.453447
-10.414974,16.43947,-0.21480604,-18.129597
-19.701548,-0.16558804,-11.3020525,10.078138
-10.312671,-6.2394776,-14.104309,-3.0003572
-1.9023583,-10.135509,-7.761801,4.0682964
13.394087,-5.5599084,-1.1113418,18.933968
14.344309,5.7383223,-17.344383,9.680564
18.86711,-5.1999164,1.3113444,-3.203797
17.116047,9.349031,-17.27751,9.414775
8.644145,-8.098934,7.23498,-15.92827
13.639075,14.138227,8.658022,-8.123104
-5.5728064,-5.333873,-7.676884,4.072822
3.5081527,11.4084015,-3.5363443,6.4119396
-2.308012,9.998392,3.4935422,-19.371252
-17.925169,-7.890908,3.4410017,-10.325158
18.863771,-5.3511987,-11.159865,9.829887
4.04824,-10.788285,-1.811711,-10.181006
-13.20939,-1.8249896,-10.216837,9.241294
-8.095067,-8.207636,19.527918,1.083751
0.5696669,-1.5899915,13.736439,-11.452241
5.510408,1.9217494,9.349448,12.389453
-15.265637,-11.370766,19.791245,0.8737674
6.304341,0.3424666,4.161376,-10.870722
0.024778144,-0.6238582,-8.090549,-8.158892
12.731477,-5.4819794,2.2618682,3.6500387
-10.67315,-6.629337,14.042285,-11.257246
-13.30453,-1.9583213,-10.747698,-13.99503
17.165672,9.220406,5.4920855,16.928228
11.760158,-0.231844,3.9349139,16.613424
-6.6811147,-6.661655,-7.666735,4.072831
13.349067,-5.552616,-0.19571328,-18.124926
2.2867005,6.135704,-10.888649,-6.8293056
-4.1368294,-4.352557,-1.0402871,18.10761
18.85653,-5.4515967,7.2777762,-15.874311
5.5096693,1.9281267,3.0806842,-10.057098
8.360318,-7.43509,13.886759,-11.359817
8.790599,-8.436928,-11.3331375,-14.325277
-2.2319844,10.180171,-2.2486606,10.136822
-16.496668,0.054168634,4.1812305,-10.885269
6.4120793,-0.33236888,3.566914,-19.425602
11.929728,-0.30389267,-11.344464,10.063936
-4.1284504,-4.368906,-5.598427,-5.363845
-4.661445,3.2575455,5.4892254,17.510862
-16.495201,0.05160798,13.2462845,3.393596
9.388825,12.296475,-3.538415,6.4094844
-10.978345,-14.118868,-17.233784,9.245352
3.6761444,-4.165633,4.256387,18.024065
13.716733,14.162303,7.4414406,-15.395834
-0.8524468,-0.0011497401,13.531312,14.118477
3.380542,-19.258791,-10.960748,10.032927
-10.640102,16.127167,-8.031037,-8.123892
2.7709377,-9.811248,-3.6392775,-2.719186
-11.937218,3.4283872,5.190162,17.05067
-9.331804,8.318211,-10.584602,16.211243
-9.3716545,8.353649,5.5981894,16.847235
-2.3347692,9.932611,-3.5328107,6.4225955
-13.517381,-2.288879,-0.99753106,17.891
13.479977,-5.5757103,9.125622,13.347396
-19.707302,-0.16294631,-5.1730227,-15.219894
-4.0189896,-20.923449,18.851717,-5.4959807
-11.002677,-14.131669,-7.6739736,4.072737
12.604169,3.462802,-4.72994,3.2544556
11.521677,-0.12676412,13.857442,-5.6533446
6.3945065,-1.1569641,19.681887,0.9656762
7.5539627,-15.085114,8.604313,-8.001527
-19.675823,-0.18975687,5.2755275,16.768192
6.110385,-2.410716,13.099541,-5.5203133
3.561289,-19.411335,-11.196295,-14.24614
-5.571208,-5.328308,-10.712078,16.0233
-4.6909456,3.2607274,-9.570493,-2.4540906
12.216038,-0.4454401,13.983501,14.252208
-5.5726504,-5.3296075,-0.97371465,17.751097
3.2371125,-10.167835,-4.7056746,3.2574642
2.1738997,3.7452996,-2.675141,-9.90248
19.728048,0.9256901,4.278979,-4.013193
-11.043692,-14.156294,18.817518,-5.926085
4.3155503,10.920091,1.758944,5.068881
11.559386,-0.1435388,14.094447,-11.221112
13.900443,8.065785,2.611227,6.2887955
11.93191,-0.32077336,9.153489,13.223962
12.058714,-0.3676886,13.244676,3.422636
-10.603451,9.712064,-5.62122,-14.843239
6.148662,0.92107147,-0.79482406,16.80877
13.922481,8.048955,-9.89989,8.921962
11.84842,-14.930771,11.827725,-14.940109
3.9338233,11.202649,-3.530698,6.4288545
4.523746,2.4088633,13.110158,3.433913
11.851689,-14.929209,4.8459473,8.420514
13.906477,14.221369,-3.532752,6.421643
9.382942,12.322929,7.524662,-15.11896
-3.8154268,-4.6083894,-13.421754,-2.0321267
-5.566476,-5.33923,-11.392921,9.9467535
-17.116217,8.789847,11.817447,-14.944315
1.8944038,-3.9157999,11.531761,-0.06889839
-0.435188,-11.843988,4.0156083,16.869972
-15.267506,-11.368806,3.3907316,-10.293033
-3.5252597,6.4420786,13.970434,14.246396
4.153224,7.2972655,-11.087923,9.742617
4.100903,-10.823962,8.9277525,-8.7589035
-10.450634,9.478455,-9.028161,8.127642
14.720875,14.463369,1.7828922,5.005151
11.847072,-14.931248,-1.9206662,-10.148599
14.087434,14.277145,3.3011947,-10.22278
2.5628612,3.3660133,16.832026,9.9941
-3.3975472,-0.90289724,5.5137014,1.8412867
4.9486723,16.551208,13.154168,3.4342136
-5.831834,15.0265045,12.5497465,3.5169723
-2.1457553,-0.15013233,-10.279263,9.389143
6.023184,-2.4869468,12.074931,-0.33309707
-2.1107876,-0.18714489,-17.884453,-7.945683
12.838809,-5.4890523,-0.982062,17.765703
13.219272,3.3869007,5.0519505,16.118767
-19.69609,-0.17436992,14.370114,-11.030067
-4.051642,-20.37141,3.4498887,-10.331409
-0.9346136,17.544897,13.956142,-11.311916
8.321585,-7.346574,-4.0375485,-20.675419
14.151377,-11.16764,-10.5854025,9.583934
-8.472107,-8.507168,-8.102815,-8.186078
-15.263757,-11.372269,-10.289276,9.286968
13.905872,8.060983,11.415263,0.04841707
-17.986885,-7.807319,4.1793203,-10.884209
-3.4483376,-1.0589743,1.3335444,-3.2718565
-0.18350504,-18.122034,3.3164382,-10.2394285
-10.9640255,-14.11063,13.780618,-5.597683
13.178897,3.3932326,-2.2787118,10.066863
5.8489423,1.4516106,6.313249,0.24669552
-16.492067,0.052001122,-9.595509,-1.8162044
-7.7364182,4.069152,4.4953113,15.65691
2.9081416,3.095757,3.3838463,-10.286791
-5.61867,14.99025,3.2067482,-10.143307
-19.80336,4.112723,-11.212331,-14.254841
6.0135064,-2.5024443,14.524914,-10.909361
14.199469,-11.135431,-15.259733,-11.375962
-2.2377646,10.166792,-5.848955,15.0257225
-5.8163896,15.023421,13.563415,-5.455498
-5.1488023,14.916845,-4.046092,-20.521412
4.833701,16.336952,-11.138741,9.401612
-10.823229,15.859693,4.6318974,7.9068127
-7.6820493,4.0720882,-5.280123,-15.569259
2.740642,-4.2534,-10.570595,-6.5006375
-9.3452425,8.331243,-3.4352336,-1.0165656
-0.8678887,0.018472524,-13.9444475,-2.8244781
-6.674971,-6.65538,-10.668876,-6.607082
19.47515,1.1187559,-5.1423125,-15.123185
14.030889,-11.250241,-17.828926,-8.020269
13.120014,3.4083016,1.3339602,-3.246642
-4.1107607,-4.380392,-10.24457,-6.121367
18.872517,-5.3188806,-0.19562785,-18.124966
-17.982866,-7.8138633,-13.086403,-1.4898996
-18.04383,-7.7296023,-5.138466,-15.130446
-0.8888732,17.303076,-19.821817,4.122119
14.114689,-11.19316,13.520735,14.114884
-4.6822057,3.260702,-13.345204,-1.9176701
7.546007,-15.112704,0.029614175,-0.6214555
3.5039687,-19.370142,12.929033,-0.71910155
-5.763104,15.014801,16.84875,9.961857
18.876774,-5.1466675,-0.8922347,0.0026387786
-3.6454995,-2.7307563,1.7637866,4.497734
1.3571042,-3.2778792,19.76838,0.8987776
9.373541,12.349682,-0.19764179,-18.125616
-19.688976,-0.17703567,4.214026,16.316166
-3.6476982,-2.7215683,7.359085,-15.646956
1.561795,4.6987123,8.751382,-8.350134
5.0423574,-3.6122303,0.5498238,-1.5655186
7.2920737,-15.86506,5.8479066,18.342476
-11.9625635,3.397125,-2.0072498,10.702515
4.8744154,8.496127,-6.140124,15.095018
-19.777937,4.1080103,4.321168,10.912581
8.436738,-7.6145725,-9.579656,-1.9874018
-4.694663,3.2605858,4.261773,-4.0181785
3.6550028,-4.166433,4.160602,16.543621
-16.928413,8.074339,-17.30641,9.529586
4.4990597,2.4219642,1.9079835,4.100993
-10.365942,-6.285564,-8.119004,-8.180587
-2.2466593,10.145713,-0.86738807,0.0014986498
-5.104585,-15.037891,11.098865,0.14453216
-5.106162,-15.040698,14.344175,5.7572746
-9.61524,-1.5966489,-10.400356,16.46824
-0.20509516,-18.127071,-7.698899,4.071535
-8.12941,-8.229992,-13.88494,-2.731286
14.111478,-11.194526,5.135102,16.564058
11.589614,-0.1632232,1.9414766,5.6160703
9.364783,12.381918,-1.9310236,10.879484
4.404349,10.809233,4.10821,7.258042
-4.688832,3.2610154,8.604903,-8.00176
-0.85554665,-0.0009162957,1.9119366,-3.9602559
-16.476377,0.04250011,-14.031006,-2.9123182
1.9064646,-3.929638,-2.0430183,-10.113097
-3.45892,-1.0756522,10.384571,0.4598382
-0.87992907,17.24105,-1.905972,-10.151245
-4.680576,3.259154,-1.9928373,10.738309
3.974212,-19.679296,16.876558,9.887204
-5.574421,-5.3294935,3.8727129,7.0584726
4.512981,2.4153404,-8.057651,-8.178485
-5.6792064,15.000532,-10.79015,-14.018051
4.3456206,-11.0058365,-9.578528,-2.0134513
13.87867,8.065741,-10.323734,9.408627
3.5027435,11.4110985,14.344053,5.789497
-4.688304,3.259608,5.299051,17.030659
5.736766,18.474733,-1.9515333,-10.135478
-0.43219835,-11.84782,-19.796919,4.119029
10.436631,0.4221745,19.979303,0.7207252
14.596947,14.429753,-2.31502,-10.029403
7.605982,-14.937319,9.166366,13.184418
14.344003,5.739889,-10.031946,9.506216
13.228524,3.3816826,-9.601516,-1.7391651
6.3965096,-1.1461017,-19.713123,-0.1515184
11.109682,0.067070544,-16.507935,0.04763895
-4.085328,-4.406693,8.769017,-8.373359
-10.964185,-14.111039,-10.524461,16.291376
0.5704016,-1.5947653,-5.1488013,-15.142764
-14.357104,-3.459415,-8.290879,-8.362586
2.308332,6.0592194,5.347145,17.000813
17.206764,9.112787,-10.275726,-6.159039
1.8832445,4.1495905,-10.483548,-6.4092813
18.835938,-5.778966,6.2861247,-1.8145121
-19.778782,4.11108,-8.503566,-8.49761
0.9602387,-2.480544,3.163553,-10.122451
-6.671605,-6.6505475,-13.3328085,-1.8491089
-4.693559,3.2603455,5.208326,16.840464
-9.615012,-1.591916,-2.1744916,-10.078131
4.920207,9.410036,-14.233619,-3.2559488
8.367151,-7.451134,-10.035053,9.128839
3.45909,-19.33984,3.5146163,-10.384377
7.3694396,-15.635308,5.475654,1.86218
-5.866511,15.033167,5.0050263,16.27206
-10.650841,9.762455,-17.35059,9.705487
-5.080662,-14.981463,-11.942193,3.4220903
-0.43697935,-11.84197,-10.765352,9.903964
-5.572765,-5.334005,19.735317,0.92046297
-17.172642,9.003708,-13.13416,-1.5645612
-2.2822497,10.060197,-19.846537,4.1239185
18.836521,-5.75754,-17.296656,9.490206
13.920577,8.046778,-3.8400617,-4.6758265
-0.18866675,-18.123173,14.022559,-11.26532
9.172279,13.194488,12.626749,-5.472177
7.3592215,-15.671216,7.378952,-15.380953
18.869648,-5.2636137,8.841579,-8.553427
-1.8403121,-10.157961,-0.011014616,-0.57909113
2.6392732,11.613473,4.6166444,7.8891854
19.526304,1.0870776,18.869287,-5.1535063
11.914449,-0.2942485,1.9607316,5.5383396
9.186259,13.137868,-5.1611414,-15.204885
12.825956,-5.484792,-4.265962,-4.3156238
-5.1857085,14.923184,-5.173168,-15.22785
19.631533,1.0062029,13.885743,-11.37069
-12.00303,3.3494508,4.228779,11.007265
-2.2717743,10.086619,-3.678598,-2.8043394
-7.6697035,4.0725765,16.875366,9.887556
9.209884,13.026579,-17.754454,-8.11817
13.752323,-5.611124,-17.882803,-7.9480853
-17.190979,9.0746,-7.955035,-8.104176
19.6508,0.9896139,12.409344,-0.51829684
-19.625305,4.1055126,4.4132504,10.790545
2.3184779,6.06596,-2.5572207,-9.945808
5.6037955,-3.147542,-3.6347132,-2.730981
6.3144116,0.3872765,-0.024167096,-0.6025992
-15.261649,-11.37396,-10.788973,15.912212
5.849764,1.4491434,8.740049,-8.314223
1.7218999,4.5946803,2.2714999,6.0070715
5.5342455,1.9445837,14.343456,5.7870746
5.0925264,-3.5883465,13.759015,-5.511993
-11.980096,3.3757057,18.845083,-5.5967436
1.343512,-3.255666,3.8298306,-10.620352
-4.6788993,3.2582693,-8.280585,-8.32156
3.925412,7.08095,-11.235767,9.723656
2.6688323,11.610363,3.620549,-4.204662
12.146079,-0.41088432,9.386463,12.274038
1.7577064,5.1420937,-4.23663,-4.3336873
16.87566,9.875003,-1.8935935,-10.157644
-16.483772,0.051534887,-1.7541403,-10.196499
-0.1940086,-18.124533,4.571455,2.3839412
-2.114486,-0.19722056,11.838929,-0.25105914
11.859299,-14.925645,9.237347,12.396766
4.076552,11.114291,3.6311061,-19.469536
-9.621817,-1.5481478,-9.572926,-2.1410093
-1.6577456,-10.200952,-10.485471,-6.4017715
11.861386,-14.92427,18.83529,-5.761832
7.3502073,-15.687664,13.120075,-0.78798527
-19.008587,4.1161127,-15.252154,-11.382703
-3.4414165,-1.0415438,11.76968,-0.06858851
7.5403686,-15.117141,3.4983556,-10.367912
18.827785,-5.893048,0.9258891,-2.4146388
3.5910897,6.879538,-5.4830947,14.968202
13.770465,14.180208,-4.7933893,14.872244
1.9736695,5.6489987,-0.99881047,17.933067
-2.5861692,-9.931157,0.0034690506,-0.5785135
-17.131643,8.848562,-0.91850865,17.4506
1.3500333,-3.2646194,-11.954949,3.4071362
14.655167,14.445652,-14.2724495,-3.310842
-11.065546,-14.169414,-13.179495,-1.694207
5.5983524,-3.1505418,1.9559379,5.5550833
3.897825,7.0779204,8.886176,-8.6707
-0.86958945,0.0005934513,-2.672457,-9.905473
-1.9269798,-10.138538,-19.777187,4.1238756
